OtherArea,Group,Variable,Year,PortugueseCommonName,Taxon,CatchAmount (tonnes),Sector
Rio de Janeiro,Moluscos,Lula_art,1956,Lula,Doryteuthis spp,"2,210030657","Artisanal (SS, C)"
Rio de Janeiro,Moluscos,Lula_art,1957,Lula,Doryteuthis spp,"7,774379036","Artisanal (SS, C)"
Rio de Janeiro,Moluscos,Lula_art,1958,Lula,Doryteuthis spp,"35,05666245","Artisanal (SS, C)"
Rio de Janeiro,Moluscos,Lula_art,1959,Lula,Doryteuthis spp,"13,01465304","Artisanal (SS, C)"
Rio de Janeiro,Moluscos,Lula_art,1960,Lula,Doryteuthis spp,"28,90904973","Artisanal (SS, C)"
Rio de Janeiro,Moluscos,Lula_art,1961,Lula,Doryteuthis spp,"19,81412447","Artisanal (SS, C)"
Rio de Janeiro,Moluscos,Lula_art,1962,Lula,Doryteuthis spp,"14,23697532","Artisanal (SS, C)"
Rio de Janeiro,Moluscos,Lula_art,1963,Lula,Doryteuthis spp,"43,55745272","Artisanal (SS, C)"
Rio de Janeiro,Moluscos,Lula_art,1964,Lula,Doryteuthis spp,"59,37115427","Artisanal (SS, C)"
Rio de Janeiro,Moluscos,Lula_art,1965,Lula,Doryteuthis spp,"132,5437685","Artisanal (SS, C)"
Rio de Janeiro,Moluscos,Lula_art,1966,Lula,Doryteuthis spp,"16,66621086","Artisanal (SS, C)"
Rio de Janeiro,Moluscos,Lula_art,1967,Lula,Doryteuthis spp,"39,84115007","Artisanal (SS, C)"
Rio de Janeiro,Moluscos,Lula_art,1968,Lula,Doryteuthis spp,"210,4910867","Artisanal (SS, C)"
Rio de Janeiro,Moluscos,Lula_art,1969,Lula,Doryteuthis spp,"50,3892368","Artisanal (SS, C)"
Rio de Janeiro,Moluscos,Lula_art,1970,Lula,Doryteuthis spp,"53,56716016","Artisanal (SS, C)"
Rio de Janeiro,Moluscos,Lula_art,1971,Lula,Doryteuthis spp,"78,21760999","Artisanal (SS, C)"
Rio de Janeiro,Moluscos,Lula_art,1972,Lula,Doryteuthis spp,"111,4224452","Artisanal (SS, C)"
Rio de Janeiro,Moluscos,Lula_art,1973,Lula,Doryteuthis spp,"122,0003655","Artisanal (SS, C)"
Rio de Janeiro,Moluscos,Lula_art,1974,Lula,Doryteuthis spp,"444,9482807","Artisanal (SS, C)"
Rio de Janeiro,Moluscos,Lula_art,1975,Lula,Doryteuthis spp,"70,8490209","Artisanal (SS, C)"
Rio de Janeiro,Moluscos,Lula_art,1976,Lula,Doryteuthis spp,"16,85301585","Artisanal (SS, C)"
Rio de Janeiro,Moluscos,Lula_art,1977,Lula,Doryteuthis spp,"110,7592389","Artisanal (SS, C)"
Rio de Janeiro,Moluscos,Lula_art,1978,Lula,Doryteuthis spp,106,"Artisanal (SS, C)"
Rio de Janeiro,Moluscos,Lula_art,1979,Lula,Doryteuthis spp,175,"Artisanal (SS, C)"
Rio de Janeiro,Moluscos,Lula_art,1980,Lula,Doryteuthis spp,335,"Artisanal (SS, C)"
Rio de Janeiro,Moluscos,Lula_art,1981,Lula,Doryteuthis spp,373,"Artisanal (SS, C)"
Rio de Janeiro,Moluscos,Lula_art,1982,Lula,Doryteuthis spp,127,"Artisanal (SS, C)"
Rio de Janeiro,Moluscos,Lula_art,1983,Lula,Doryteuthis spp,140,"Artisanal (SS, C)"
Rio de Janeiro,Moluscos,Lula_art,1984,Lula,Doryteuthis spp,209,"Artisanal (SS, C)"
Rio de Janeiro,Moluscos,Lula_art,1985,Lula,Doryteuthis spp,176,"Artisanal (SS, C)"
Rio de Janeiro,Moluscos,Lula_art,1986,Lula,Doryteuthis spp,"114,3233518","Artisanal (SS, C)"
Rio de Janeiro,Moluscos,Lula_art,1987,Lula,Doryteuthis spp,"201,2826964","Artisanal (SS, C)"
Rio de Janeiro,Moluscos,Lula_art,1988,Lula,Doryteuthis spp,"112,3478849","Artisanal (SS, C)"
Rio de Janeiro,Moluscos,Lula_art,1989,Lula,Doryteuthis spp,"149,2354471","Artisanal (SS, C)"
Rio de Janeiro,Moluscos,Lula_art,1990,Lula,Doryteuthis spp,"138,9286037","Artisanal (SS, C)"
Rio de Janeiro,Moluscos,Lula_art,1991,Lula,Doryteuthis spp,"283,0013207","Artisanal (SS, C)"
Rio de Janeiro,Moluscos,Lula_art,1992,Lula,Doryteuthis spp,"163,0819352","Artisanal (SS, C)"
Rio de Janeiro,Moluscos,Lula_art,1993,Lula,Doryteuthis spp,"126,728746","Artisanal (SS, C)"
Rio de Janeiro,Moluscos,Lula_art,1994,Lula,Doryteuthis spp,"27,97815496","Artisanal (SS, C)"
Rio de Janeiro,Moluscos,Lula_art,1995,Lula,Doryteuthis spp,"389,5","Artisanal (SS, C)"
Rio de Janeiro,Moluscos,Lula_art,1996,Lula,Doryteuthis spp,"36,5","Artisanal (SS, C)"
Rio de Janeiro,Moluscos,Lula_art,1997,Lula,Doryteuthis spp,104,"Artisanal (SS, C)"
Rio de Janeiro,Moluscos,Lula_art,1998,Lula,Doryteuthis spp,"12,5","Artisanal (SS, C)"
Rio de Janeiro,Moluscos,Lula_art,1999,Lula,Doryteuthis spp,"127,5","Artisanal (SS, C)"
Rio de Janeiro,Moluscos,Lula_art,2000,Lula,Doryteuthis spp,14,"Artisanal (SS, C)"
Rio de Janeiro,Moluscos,Lula_art,2001,Lula,Doryteuthis spp,"184,5","Artisanal (SS, C)"
Rio de Janeiro,Moluscos,Lula_art,2002,Lula,Doryteuthis spp,"88,5","Artisanal (SS, C)"
Rio de Janeiro,Moluscos,Lula_art,2003,Lula,Doryteuthis spp,"86,5","Artisanal (SS, C)"
Rio de Janeiro,Moluscos,Lula_art,2004,Lula,Doryteuthis spp,101,"Artisanal (SS, C)"
Rio de Janeiro,Moluscos,Lula_art,2005,Lula,Doryteuthis spp,"106,5","Artisanal (SS, C)"
Rio de Janeiro,Moluscos,Lula_art,2006,Lula,Doryteuthis spp,"122,5","Artisanal (SS, C)"
Rio de Janeiro,Moluscos,Lula_art,2007,Lula,Doryteuthis spp,"72,5","Artisanal (SS, C)"
Rio de Janeiro,Moluscos,Lula_art,2008,Lula,Doryteuthis spp,"17,56","Artisanal (SS, C)"
Rio de Janeiro,Moluscos,Lula_art,2009,Lula,Doryteuthis spp,"34,5302","Artisanal (SS, C)"
Rio de Janeiro,Moluscos,Lula_art,2010,Lula,Doryteuthis spp,"10,68","Artisanal (SS, C)"
Rio de Janeiro,Moluscos,Lula_art,2011,Lula,Doryteuthis spp,"20,593","Artisanal (SS, C)"
Rio de Janeiro,Moluscos,Lula_art,2012,Lula,Doryteuthis spp,"8,878","Artisanal (SS, C)"
Rio de Janeiro,Moluscos,Lula_art,2013,Lula,Doryteuthis spp,"9,596","Artisanal (SS, C)"
Rio de Janeiro,Moluscos,Lula_art,2014,Lula,Doryteuthis spp,"209,839","Artisanal (SS, C)"
Rio de Janeiro,Moluscos,Lula_art,2015,Lula,Doryteuthis spp,"2,517","Artisanal (SS, C)"
Rio de Janeiro,Moluscos,Lula_ind,1962,Lula,Doryteuthis spp,"11,30508959","Industrial (LS, C)"
Rio de Janeiro,Moluscos,Lula_ind,1963,Lula,Doryteuthis spp,"16,68506839","Industrial (LS, C)"
Rio de Janeiro,Moluscos,Lula_ind,1964,Lula,Doryteuthis spp,"11,62884573","Industrial (LS, C)"
Rio de Janeiro,Moluscos,Lula_ind,1965,Lula,Doryteuthis spp,"46,8491005","Industrial (LS, C)"
Rio de Janeiro,Moluscos,Lula_ind,1966,Lula,Doryteuthis spp,"4,333789138","Industrial (LS, C)"
Rio de Janeiro,Moluscos,Lula_ind,1967,Lula,Doryteuthis spp,"30,15884993","Industrial (LS, C)"
Rio de Janeiro,Moluscos,Lula_ind,1968,Lula,Doryteuthis spp,"391,5089133","Industrial (LS, C)"
Rio de Janeiro,Moluscos,Lula_ind,1969,Lula,Doryteuthis spp,"50,93334875","Industrial (LS, C)"
Rio de Janeiro,Moluscos,Lula_ind,1970,Lula,Doryteuthis spp,"28,4736795","Industrial (LS, C)"
Rio de Janeiro,Moluscos,Lula_ind,1971,Lula,Doryteuthis spp,"29,60082123","Industrial (LS, C)"
Rio de Janeiro,Moluscos,Lula_ind,1972,Lula,Doryteuthis spp,"16,43263773","Industrial (LS, C)"
Rio de Janeiro,Moluscos,Lula_ind,1973,Lula,Doryteuthis spp,"75,18008191","Industrial (LS, C)"
Rio de Janeiro,Moluscos,Lula_ind,1974,Lula,Doryteuthis spp,"123,8014098","Industrial (LS, C)"
Rio de Janeiro,Moluscos,Lula_ind,1975,Lula,Doryteuthis spp,"122,6469521","Industrial (LS, C)"
Rio de Janeiro,Moluscos,Lula_ind,1976,Lula,Doryteuthis spp,"0,1971382245","Industrial (LS, C)"
Rio de Janeiro,Moluscos,Lula_ind,1977,Lula,Doryteuthis spp,"45,38909178","Industrial (LS, C)"
Rio de Janeiro,Moluscos,Lula_ind,1978,Lula,Doryteuthis spp,20,"Industrial (LS, C)"
Rio de Janeiro,Moluscos,Lula_ind,1979,Lula,Doryteuthis spp,129,"Industrial (LS, C)"
Rio de Janeiro,Moluscos,Lula_ind,1980,Lula,Doryteuthis spp,18,"Industrial (LS, C)"
Rio de Janeiro,Moluscos,Lula_ind,1981,Lula,Doryteuthis spp,115,"Industrial (LS, C)"
Rio de Janeiro,Moluscos,Lula_ind,1982,Lula,Doryteuthis spp,20,"Industrial (LS, C)"
Rio de Janeiro,Moluscos,Lula_ind,1983,Lula,Doryteuthis spp,12,"Industrial (LS, C)"
Rio de Janeiro,Moluscos,Lula_ind,1984,Lula,Doryteuthis spp,87,"Industrial (LS, C)"
Rio de Janeiro,Moluscos,Lula_ind,1985,Lula,Doryteuthis spp,23,"Industrial (LS, C)"
Rio de Janeiro,Moluscos,Lula_ind,1986,Lula,Doryteuthis spp,"57,0629342","Industrial (LS, C)"
Rio de Janeiro,Moluscos,Lula_ind,1987,Lula,Doryteuthis spp,"31,07682277","Industrial (LS, C)"
Rio de Janeiro,Moluscos,Lula_ind,1988,Lula,Doryteuthis spp,"6,087579908","Industrial (LS, C)"
Rio de Janeiro,Moluscos,Lula_ind,1989,Lula,Doryteuthis spp,"23,31888045","Industrial (LS, C)"
Rio de Janeiro,Moluscos,Lula_ind,1990,Lula,Doryteuthis spp,"83,92468764","Industrial (LS, C)"
Rio de Janeiro,Moluscos,Lula_ind,1991,Lula,Doryteuthis spp,"278,6436414","Industrial (LS, C)"
Rio de Janeiro,Moluscos,Lula_ind,1992,Lula,Doryteuthis spp,"225,2579606","Industrial (LS, C)"
Rio de Janeiro,Moluscos,Lula_ind,1993,Lula,Doryteuthis spp,"463,1418984","Industrial (LS, C)"
Rio de Janeiro,Moluscos,Lula_ind,1994,Lula,Doryteuthis spp,"342,9634932","Industrial (LS, C)"
Rio de Janeiro,Moluscos,Lula_ind,1995,Lula,Doryteuthis spp,"221,1950837","Industrial (LS, C)"
Rio de Janeiro,Moluscos,Lula_ind,1996,Lula,Doryteuthis spp,286,"Industrial (LS, C)"
Rio de Janeiro,Moluscos,Lula_ind,1997,Lula,Doryteuthis spp,"488,5","Industrial (LS, C)"
Rio de Janeiro,Moluscos,Lula_ind,1998,Lula,Doryteuthis spp,"252,5","Industrial (LS, C)"
Rio de Janeiro,Moluscos,Lula_ind,1999,Lula,Doryteuthis spp,"345,5","Industrial (LS, C)"
Rio de Janeiro,Moluscos,Lula_ind,2000,Lula,Doryteuthis spp,"637,5","Industrial (LS, C)"
Rio de Janeiro,Moluscos,Lula_ind,2001,Lula,Doryteuthis spp,214,"Industrial (LS, C)"
Rio de Janeiro,Moluscos,Lula_ind,2002,Lula,Doryteuthis spp,"387,5","Industrial (LS, C)"
Rio de Janeiro,Moluscos,Lula_ind,2003,Lula,Doryteuthis spp,"389,5","Industrial (LS, C)"
Rio de Janeiro,Moluscos,Lula_ind,2004,Lula,Doryteuthis spp,444,"Industrial (LS, C)"
Rio de Janeiro,Moluscos,Lula_ind,2005,Lula,Doryteuthis spp,"451,5","Industrial (LS, C)"
Rio de Janeiro,Moluscos,Lula_ind,2006,Lula,Doryteuthis spp,"507,5","Industrial (LS, C)"
Rio de Janeiro,Moluscos,Lula_ind,2007,Lula,Doryteuthis spp,"572,5","Industrial (LS, C)"
Rio de Janeiro,Moluscos,Lula_ind,2008,Lula,Doryteuthis spp,"2,167","Industrial (LS, C)"
Rio de Janeiro,Moluscos,Lula_ind,2009,Lula,Doryteuthis spp,"28,509","Industrial (LS, C)"
Rio de Janeiro,Moluscos,Lula_ind,2010,Lula,Doryteuthis spp,"22,627","Industrial (LS, C)"
Rio de Janeiro,Moluscos,Lula_ind,2011,Lula,Doryteuthis spp,"210,691","Industrial (LS, C)"
Rio de Janeiro,Moluscos,Lula_ind,2012,Lula,Doryteuthis spp,"201,51","Industrial (LS, C)"
Rio de Janeiro,Moluscos,Lula_ind,2013,Lula,Doryteuthis spp,"76,178","Industrial (LS, C)"
Rio de Janeiro,Moluscos,Lula_ind,2014,Lula,Doryteuthis spp,"94,943","Industrial (LS, C)"
Rio de Janeiro,Moluscos,Lula_ind,2015,Lula,Doryteuthis spp,"25,068","Industrial (LS, C)"
Rio de Janeiro,Moluscos,Calamar_ind,2010,Calamar,Illex argentinus,"0,38","Industrial (LS, C)"
Rio de Janeiro,Moluscos,Calamar_ind,2011,Calamar,Illex argentinus,"1,832","Industrial (LS, C)"
Rio de Janeiro,Moluscos,Calamar_ind,2012,Calamar,Illex argentinus,"1,436","Industrial (LS, C)"
Rio de Janeiro,Moluscos,Calamar_ind,2013,Calamar,Illex argentinus,"0,608","Industrial (LS, C)"
Rio de Janeiro,Moluscos,Calamar_ind,2014,Calamar,Illex argentinus,"0,112","Industrial (LS, C)"
Rio de Janeiro,Moluscos,Polvo_art,1956,Polvo,Octopodoidea,"10,03987714","Artisanal (SS, C)"
Rio de Janeiro,Moluscos,Polvo_art,1957,Polvo,Octopodoidea,"0,00000002766567096","Artisanal (SS, C)"
Rio de Janeiro,Moluscos,Polvo_art,1958,Polvo,Octopodoidea,"0,001950573245","Artisanal (SS, C)"
Rio de Janeiro,Moluscos,Polvo_art,1959,Polvo,Octopodoidea,"1,692954592","Artisanal (SS, C)"
Rio de Janeiro,Moluscos,Polvo_art,1960,Polvo,Octopodoidea,0,"Artisanal (SS, C)"
Rio de Janeiro,Moluscos,Polvo_art,1961,Polvo,Octopodoidea,"0,003098547571","Artisanal (SS, C)"
Rio de Janeiro,Moluscos,Polvo_art,1962,Polvo,Octopodoidea,"0,5710863318","Artisanal (SS, C)"
Rio de Janeiro,Moluscos,Polvo_art,1963,Polvo,Octopodoidea,"2,001972242","Artisanal (SS, C)"
Rio de Janeiro,Moluscos,Polvo_art,1964,Polvo,Octopodoidea,"13,70787449","Artisanal (SS, C)"
Rio de Janeiro,Moluscos,Polvo_art,1965,Polvo,Octopodoidea,"15,596757","Artisanal (SS, C)"
Rio de Janeiro,Moluscos,Polvo_art,1966,Polvo,Octopodoidea,"8,222372725","Artisanal (SS, C)"
Rio de Janeiro,Moluscos,Polvo_art,1967,Polvo,Octopodoidea,"11,21462548","Artisanal (SS, C)"
Rio de Janeiro,Moluscos,Polvo_art,1968,Polvo,Octopodoidea,"17,09186412","Artisanal (SS, C)"
Rio de Janeiro,Moluscos,Polvo_art,1969,Polvo,Octopodoidea,"0,0004868754183","Artisanal (SS, C)"
Rio de Janeiro,Moluscos,Polvo_art,1970,Polvo,Octopodoidea,"0,5167905687","Artisanal (SS, C)"
Rio de Janeiro,Moluscos,Polvo_art,1971,Polvo,Octopodoidea,"0,07559007528","Artisanal (SS, C)"
Rio de Janeiro,Moluscos,Polvo_art,1972,Polvo,Octopodoidea,"7,289990933","Artisanal (SS, C)"
Rio de Janeiro,Moluscos,Polvo_art,1973,Polvo,Octopodoidea,"20,45424201","Artisanal (SS, C)"
Rio de Janeiro,Moluscos,Polvo_art,1974,Polvo,Octopodoidea,"20,51311283","Artisanal (SS, C)"
Rio de Janeiro,Moluscos,Polvo_art,1975,Polvo,Octopodoidea,"12,20674423","Artisanal (SS, C)"
Rio de Janeiro,Moluscos,Polvo_art,1976,Polvo,Octopodoidea,"2,069338012","Artisanal (SS, C)"
Rio de Janeiro,Moluscos,Polvo_art,1977,Polvo,Octopodoidea,"9,019231384","Artisanal (SS, C)"
Rio de Janeiro,Moluscos,Polvo_art,1978,Polvo,Octopodoidea,2,"Artisanal (SS, C)"
Rio de Janeiro,Moluscos,Polvo_art,1979,Polvo,Octopodoidea,8,"Artisanal (SS, C)"
Rio de Janeiro,Moluscos,Polvo_art,1980,Polvo,Octopodoidea,13,"Artisanal (SS, C)"
Rio de Janeiro,Moluscos,Polvo_art,1981,Polvo,Octopodoidea,14,"Artisanal (SS, C)"
Rio de Janeiro,Moluscos,Polvo_art,1982,Polvo,Octopodoidea,3,"Artisanal (SS, C)"
Rio de Janeiro,Moluscos,Polvo_art,1983,Polvo,Octopodoidea,1,"Artisanal (SS, C)"
Rio de Janeiro,Moluscos,Polvo_art,1984,Polvo,Octopodoidea,2,"Artisanal (SS, C)"
Rio de Janeiro,Moluscos,Polvo_art,1985,Polvo,Octopodoidea,12,"Artisanal (SS, C)"
Rio de Janeiro,Moluscos,Polvo_art,1986,Polvo,Octopodoidea,"10,19160328","Artisanal (SS, C)"
Rio de Janeiro,Moluscos,Polvo_art,1987,Polvo,Octopodoidea,"8,000558661","Artisanal (SS, C)"
Rio de Janeiro,Moluscos,Polvo_art,1988,Polvo,Octopodoidea,"3,131676497","Artisanal (SS, C)"
Rio de Janeiro,Moluscos,Polvo_art,1989,Polvo,Octopodoidea,"6,448540764","Artisanal (SS, C)"
Rio de Janeiro,Moluscos,Polvo_art,1990,Polvo,Octopodoidea,"14,09008437","Artisanal (SS, C)"
Rio de Janeiro,Moluscos,Polvo_art,1991,Polvo,Octopodoidea,"49,68436111","Artisanal (SS, C)"
Rio de Janeiro,Moluscos,Polvo_art,1992,Polvo,Octopodoidea,"26,37848766","Artisanal (SS, C)"
Rio de Janeiro,Moluscos,Polvo_art,1993,Polvo,Octopodoidea,"12,24304765","Artisanal (SS, C)"
Rio de Janeiro,Moluscos,Polvo_art,1994,Polvo,Octopodoidea,"1,088690545","Artisanal (SS, C)"
Rio de Janeiro,Moluscos,Polvo_art,1995,Polvo,Octopodoidea,165,"Artisanal (SS, C)"
Rio de Janeiro,Moluscos,Polvo_art,1996,Polvo,Octopodoidea,2,"Artisanal (SS, C)"
Rio de Janeiro,Moluscos,Polvo_art,1997,Polvo,Octopodoidea,"33,5","Artisanal (SS, C)"
Rio de Janeiro,Moluscos,Polvo_art,1998,Polvo,Octopodoidea,"5,5","Artisanal (SS, C)"
Rio de Janeiro,Moluscos,Polvo_art,1999,Polvo,Octopodoidea,"57,5","Artisanal (SS, C)"
Rio de Janeiro,Moluscos,Polvo_art,2000,Polvo,Octopodoidea,17,"Artisanal (SS, C)"
Rio de Janeiro,Moluscos,Polvo_art,2001,Polvo,Octopodoidea,"45,5","Artisanal (SS, C)"
Rio de Janeiro,Moluscos,Polvo_art,2002,Polvo,Octopodoidea,32,"Artisanal (SS, C)"
Rio de Janeiro,Moluscos,Polvo_art,2003,Polvo,Octopodoidea,31,"Artisanal (SS, C)"
Rio de Janeiro,Moluscos,Polvo_art,2004,Polvo,Octopodoidea,"35,5","Artisanal (SS, C)"
Rio de Janeiro,Moluscos,Polvo_art,2005,Polvo,Octopodoidea,"39,5","Artisanal (SS, C)"
Rio de Janeiro,Moluscos,Polvo_art,2006,Polvo,Octopodoidea,45,"Artisanal (SS, C)"
Rio de Janeiro,Moluscos,Polvo_art,2007,Polvo,Octopodoidea,"20,5","Artisanal (SS, C)"
Rio de Janeiro,Moluscos,Polvo_art,2008,Polvo,Octopodoidea,"35,041","Artisanal (SS, C)"
Rio de Janeiro,Moluscos,Polvo_art,2009,Polvo,Octopodoidea,7,"Artisanal (SS, C)"
Rio de Janeiro,Moluscos,Polvo_art,2010,Polvo,Octopodoidea,"3,728","Artisanal (SS, C)"
Rio de Janeiro,Moluscos,Polvo_art,2011,Polvo,Octopodoidea,"4,711","Artisanal (SS, C)"
Rio de Janeiro,Moluscos,Polvo_art,2012,Polvo,Octopodoidea,"11,939","Artisanal (SS, C)"
Rio de Janeiro,Moluscos,Polvo_art,2013,Polvo,Octopodoidea,"13,802","Artisanal (SS, C)"
Rio de Janeiro,Moluscos,Polvo_art,2014,Polvo,Octopodoidea,"3,823","Artisanal (SS, C)"
Rio de Janeiro,Moluscos,Polvo_art,2015,Polvo,Octopodoidea,"0,008","Artisanal (SS, C)"
Rio de Janeiro,Moluscos,Polvo_ind,1962,Polvo,Octopodoidea,"1,428985143","Industrial (LS, C)"
Rio de Janeiro,Moluscos,Polvo_ind,1963,Polvo,Octopodoidea,"0,99803292","Industrial (LS, C)"
Rio de Janeiro,Moluscos,Polvo_ind,1964,Polvo,Octopodoidea,"6,292125507","Industrial (LS, C)"
Rio de Janeiro,Moluscos,Polvo_ind,1965,Polvo,Octopodoidea,"7,052479191","Industrial (LS, C)"
Rio de Janeiro,Moluscos,Polvo_ind,1966,Polvo,Octopodoidea,"0,7776272753","Industrial (LS, C)"
Rio de Janeiro,Moluscos,Polvo_ind,1967,Polvo,Octopodoidea,"4,785374516","Industrial (LS, C)"
Rio de Janeiro,Moluscos,Polvo_ind,1968,Polvo,Octopodoidea,"88,90813588","Industrial (LS, C)"
Rio de Janeiro,Moluscos,Polvo_ind,1969,Polvo,Octopodoidea,"0,0004862527003","Industrial (LS, C)"
Rio de Janeiro,Moluscos,Polvo_ind,1970,Polvo,Octopodoidea,"0,279314808","Industrial (LS, C)"
Rio de Janeiro,Moluscos,Polvo_ind,1971,Polvo,Octopodoidea,"0,1293915419","Industrial (LS, C)"
Rio de Janeiro,Moluscos,Polvo_ind,1972,Polvo,Octopodoidea,"11,40959427","Industrial (LS, C)"
Rio de Janeiro,Moluscos,Polvo_ind,1973,Polvo,Octopodoidea,"173,5230478","Industrial (LS, C)"
Rio de Janeiro,Moluscos,Polvo_ind,1974,Polvo,Octopodoidea,"29,01691642","Industrial (LS, C)"
Rio de Janeiro,Moluscos,Polvo_ind,1975,Polvo,Octopodoidea,"24,68242938","Industrial (LS, C)"
Rio de Janeiro,Moluscos,Polvo_ind,1976,Polvo,Octopodoidea,"10,88786747","Industrial (LS, C)"
Rio de Janeiro,Moluscos,Polvo_ind,1977,Polvo,Octopodoidea,"7,490852714","Industrial (LS, C)"
Rio de Janeiro,Moluscos,Polvo_ind,1978,Polvo,Octopodoidea,3,"Industrial (LS, C)"
Rio de Janeiro,Moluscos,Polvo_ind,1979,Polvo,Octopodoidea,2,"Industrial (LS, C)"
Rio de Janeiro,Moluscos,Polvo_ind,1980,Polvo,Octopodoidea,2,"Industrial (LS, C)"
Rio de Janeiro,Moluscos,Polvo_ind,1981,Polvo,Octopodoidea,20,"Industrial (LS, C)"
Rio de Janeiro,Moluscos,Polvo_ind,1982,Polvo,Octopodoidea,12,"Industrial (LS, C)"
Rio de Janeiro,Moluscos,Polvo_ind,1983,Polvo,Octopodoidea,"1,977075829","Industrial (LS, C)"
Rio de Janeiro,Moluscos,Polvo_ind,1984,Polvo,Octopodoidea,4,"Industrial (LS, C)"
Rio de Janeiro,Moluscos,Polvo_ind,1985,Polvo,Octopodoidea,5,"Industrial (LS, C)"
Rio de Janeiro,Moluscos,Polvo_ind,1986,Polvo,Octopodoidea,"10,28015829","Industrial (LS, C)"
Rio de Janeiro,Moluscos,Polvo_ind,1987,Polvo,Octopodoidea,"6,003376671","Industrial (LS, C)"
Rio de Janeiro,Moluscos,Polvo_ind,1988,Polvo,Octopodoidea,"2,035139482","Industrial (LS, C)"
Rio de Janeiro,Moluscos,Polvo_ind,1989,Polvo,Octopodoidea,"4,442237239","Industrial (LS, C)"
Rio de Janeiro,Moluscos,Polvo_ind,1990,Polvo,Octopodoidea,"20,85735121","Industrial (LS, C)"
Rio de Janeiro,Moluscos,Polvo_ind,1991,Polvo,Octopodoidea,"225,6537709","Industrial (LS, C)"
Rio de Janeiro,Moluscos,Polvo_ind,1992,Polvo,Octopodoidea,"16,73789159","Industrial (LS, C)"
Rio de Janeiro,Moluscos,Polvo_ind,1993,Polvo,Octopodoidea,"65,51092243","Industrial (LS, C)"
Rio de Janeiro,Moluscos,Polvo_ind,1994,Polvo,Octopodoidea,"165,7048275","Industrial (LS, C)"
Rio de Janeiro,Moluscos,Polvo_ind,1995,Polvo,Octopodoidea,"86,63696748","Industrial (LS, C)"
Rio de Janeiro,Moluscos,Polvo_ind,1996,Polvo,Octopodoidea,135,"Industrial (LS, C)"
Rio de Janeiro,Moluscos,Polvo_ind,1997,Polvo,Octopodoidea,265,"Industrial (LS, C)"
Rio de Janeiro,Moluscos,Polvo_ind,1998,Polvo,Octopodoidea,"258,5","Industrial (LS, C)"
Rio de Janeiro,Moluscos,Polvo_ind,1999,Polvo,Octopodoidea,"359,5","Industrial (LS, C)"
Rio de Janeiro,Moluscos,Polvo_ind,2000,Polvo,Octopodoidea,"366,5","Industrial (LS, C)"
Rio de Janeiro,Moluscos,Polvo_ind,2001,Polvo,Octopodoidea,"355,5","Industrial (LS, C)"
Rio de Janeiro,Moluscos,Polvo_ind,2002,Polvo,Octopodoidea,321,"Industrial (LS, C)"
Rio de Janeiro,Moluscos,Polvo_ind,2003,Polvo,Octopodoidea,"327,5","Industrial (LS, C)"
Rio de Janeiro,Moluscos,Polvo_ind,2004,Polvo,Octopodoidea,376,"Industrial (LS, C)"
Rio de Janeiro,Moluscos,Polvo_ind,2005,Polvo,Octopodoidea,"381,5","Industrial (LS, C)"
Rio de Janeiro,Moluscos,Polvo_ind,2006,Polvo,Octopodoidea,"476,5","Industrial (LS, C)"
Rio de Janeiro,Moluscos,Polvo_ind,2007,Polvo,Octopodoidea,"555,5","Industrial (LS, C)"
Rio de Janeiro,Moluscos,Polvo_ind,2008,Polvo,Octopodoidea,"4,284","Industrial (LS, C)"
Rio de Janeiro,Moluscos,Polvo_ind,2009,Polvo,Octopodoidea,"10,863","Industrial (LS, C)"
Rio de Janeiro,Moluscos,Polvo_ind,2010,Polvo,Octopodoidea,"128,989","Industrial (LS, C)"
Rio de Janeiro,Moluscos,Polvo_ind,2011,Polvo,Octopodoidea,"581,805","Industrial (LS, C)"
Rio de Janeiro,Moluscos,Polvo_ind,2012,Polvo,Octopodoidea,"363,783","Industrial (LS, C)"
Rio de Janeiro,Moluscos,Polvo_ind,2013,Polvo,Octopodoidea,"341,525","Industrial (LS, C)"
Rio de Janeiro,Moluscos,Polvo_ind,2014,Polvo,Octopodoidea,"261,919","Industrial (LS, C)"
Rio de Janeiro,Moluscos,Polvo_ind,2015,Polvo,Octopodoidea,"22,265","Industrial (LS, C)"
Rio de Janeiro,Moluscos,Polvo_cabecinha_art,2015,Polvo cabecinha,Eledone massyae,"2,978","Industrial (LS, C)"
Rio de Janeiro,Moluscos,Ostra_art,1956,Ostra,Crassostrea spp,"24,21538848","Artisanal (SS, C)"
Rio de Janeiro,Moluscos,Ostra_art,1957,Ostra,Crassostrea spp,"28,85159516","Artisanal (SS, C)"
Rio de Janeiro,Moluscos,Ostra_art,1958,Ostra,Crassostrea spp,"1,913724802","Artisanal (SS, C)"
Rio de Janeiro,Moluscos,Ostra_art,1959,Ostra,Crassostrea spp,"5,582272369","Artisanal (SS, C)"
Rio de Janeiro,Moluscos,Ostra_art,1960,Ostra,Crassostrea spp,"13,1865091","Artisanal (SS, C)"
Rio de Janeiro,Moluscos,Ostra_art,1961,Ostra,Crassostrea spp,"6,183937161","Artisanal (SS, C)"
Rio de Janeiro,Moluscos,Ostra_art,1962,Ostra,Crassostrea spp,"7,875968686","Artisanal (SS, C)"
Rio de Janeiro,Moluscos,Ostra_art,1963,Ostra,Crassostrea spp,"7,447154378","Artisanal (SS, C)"
Rio de Janeiro,Moluscos,Ostra_art,1964,Ostra,Crassostrea spp,17,"Artisanal (SS, C)"
Rio de Janeiro,Moluscos,Ostra_art,1965,Ostra,Crassostrea spp,"197,6492997","Artisanal (SS, C)"
Rio de Janeiro,Moluscos,Ostra_art,1966,Ostra,Crassostrea spp,13,"Artisanal (SS, C)"
Rio de Janeiro,Moluscos,Ostra_art,1967,Ostra,Crassostrea spp,"37,05445862","Artisanal (SS, C)"
Rio de Janeiro,Moluscos,Ostra_art,1968,Ostra,Crassostrea spp,"0,04451723462","Artisanal (SS, C)"
Rio de Janeiro,Moluscos,Ostra_art,1969,Ostra,Crassostrea spp,"21,93831992","Artisanal (SS, C)"
Rio de Janeiro,Moluscos,Ostra_art,1970,Ostra,Crassostrea spp,"4,843241577","Artisanal (SS, C)"
Rio de Janeiro,Moluscos,Ostra_art,1971,Ostra,Crassostrea spp,"12,25069979","Artisanal (SS, C)"
Rio de Janeiro,Moluscos,Ostra_art,1972,Ostra,Crassostrea spp,"12,36795803","Artisanal (SS, C)"
Rio de Janeiro,Moluscos,Ostra_art,1973,Ostra,Crassostrea spp,"27,37515739","Artisanal (SS, C)"
Rio de Janeiro,Moluscos,Ostra_art,1974,Ostra,Crassostrea spp,"36,40644094","Artisanal (SS, C)"
Rio de Janeiro,Moluscos,Ostra_art,1975,Ostra,Crassostrea spp,"3,313424336","Artisanal (SS, C)"
Rio de Janeiro,Moluscos,Ostra_art,1976,Ostra,Crassostrea spp,"64,42476973","Artisanal (SS, C)"
Rio de Janeiro,Moluscos,Ostra_art,1977,Ostra,Crassostrea spp,"100,4695427","Artisanal (SS, C)"
Rio de Janeiro,Moluscos,Ostra_art,1978,Ostra,Crassostrea spp,"75,85595754","Artisanal (SS, C)"
Rio de Janeiro,Moluscos,Ostra_art,1979,Ostra,Crassostrea spp,"36,02887244","Artisanal (SS, C)"
Rio de Janeiro,Moluscos,Ostra_art,1980,Ostra,Crassostrea spp,"111,3122631","Artisanal (SS, C)"
Rio de Janeiro,Moluscos,Ostra_art,1981,Ostra,Crassostrea spp,"32,12745156","Artisanal (SS, C)"
Rio de Janeiro,Moluscos,Ostra_art,1982,Ostra,Crassostrea spp,"26,11478316","Artisanal (SS, C)"
Rio de Janeiro,Moluscos,Ostra_art,1983,Ostra,Crassostrea spp,"104,9079085","Artisanal (SS, C)"
Rio de Janeiro,Moluscos,Ostra_art,1984,Ostra,Crassostrea spp,19,"Artisanal (SS, C)"
Rio de Janeiro,Moluscos,Ostra_art,1985,Ostra,Crassostrea spp,76,"Artisanal (SS, C)"
Rio de Janeiro,Moluscos,Ostra_art,1986,Ostra,Crassostrea spp,"111,3080677","Artisanal (SS, C)"
Rio de Janeiro,Moluscos,Ostra_art,1987,Ostra,Crassostrea spp,"144,5367169","Artisanal (SS, C)"
Rio de Janeiro,Moluscos,Ostra_art,1988,Ostra,Crassostrea spp,"93,28424336","Artisanal (SS, C)"
Rio de Janeiro,Moluscos,Ostra_art,1989,Ostra,Crassostrea spp,"68,7383022","Artisanal (SS, C)"
Rio de Janeiro,Moluscos,Ostra_art,1990,Ostra,Crassostrea spp,"56,97150373","Artisanal (SS, C)"
Rio de Janeiro,Moluscos,Ostra_art,1991,Ostra,Crassostrea spp,"38,13432135","Artisanal (SS, C)"
Rio de Janeiro,Moluscos,Ostra_art,1992,Ostra,Crassostrea spp,"82,6983042","Artisanal (SS, C)"
Rio de Janeiro,Moluscos,Ostra_art,1993,Ostra,Crassostrea spp,"71,70349764","Artisanal (SS, C)"
Rio de Janeiro,Moluscos,Ostra_art,1994,Ostra,Crassostrea spp,"34,3254492","Artisanal (SS, C)"
Rio de Janeiro,Moluscos,Ostra_art,1995,Ostra,Crassostrea spp,"60,79701311","Artisanal (SS, C)"
Rio de Janeiro,Moluscos,Ostra_art,1996,Ostra,Crassostrea spp,"48,37546383","Artisanal (SS, C)"
Rio de Janeiro,Moluscos,Ostra_art,1997,Ostra,Crassostrea spp,"32,46302969","Artisanal (SS, C)"
Rio de Janeiro,Moluscos,Ostra_art,1998,Ostra,Crassostrea spp,"28,24150592","Artisanal (SS, C)"
Rio de Janeiro,Moluscos,Ostra_art,1999,Ostra,Crassostrea spp,"21,11895656","Artisanal (SS, C)"
Rio de Janeiro,Moluscos,Ostra_art,2000,Ostra,Crassostrea spp,"13,81396235","Artisanal (SS, C)"
Rio de Janeiro,Moluscos,Ostra_art,2001,Ostra,Crassostrea spp,"5,558050062","Artisanal (SS, C)"
Rio de Janeiro,Moluscos,Ostra_art,2002,Ostra,Crassostrea spp,"9,010209671","Artisanal (SS, C)"
Rio de Janeiro,Moluscos,Ostra_art,2003,Ostra,Crassostrea spp,"15,11327503","Artisanal (SS, C)"
Rio de Janeiro,Moluscos,Ostra_art,2004,Ostra,Crassostrea spp,"9,202937368","Artisanal (SS, C)"
Rio de Janeiro,Moluscos,Ostra_art,2005,Ostra,Crassostrea spp,"6,018682867","Artisanal (SS, C)"
Rio de Janeiro,Moluscos,Ostra_art,2006,Ostra,Crassostrea spp,"12,59775149","Artisanal (SS, C)"
Rio de Janeiro,Moluscos,Ostra_art,2007,Ostra,Crassostrea spp,"12,51425554","Artisanal (SS, C)"
Rio de Janeiro,Moluscos,Ostra_art,2008,Ostra,Crassostrea spp,"4,449694209","Artisanal (SS, C)"
Rio de Janeiro,Moluscos,Ostra_art,2009,Ostra,Crassostrea spp,"1,457482582","Artisanal (SS, C)"
Rio de Janeiro,Moluscos,Ostra_art,2010,Ostra,Crassostrea spp,"1,357762134","Artisanal (SS, C)"
Rio de Janeiro,Moluscos,Ostra_art,2011,Ostra,Crassostrea spp,"0,8332262661","Artisanal (SS, C)"
Rio de Janeiro,Moluscos,Ostra_art,2012,Ostra,Crassostrea spp,"2,414577303","Artisanal (SS, C)"
Rio de Janeiro,Moluscos,Ostra_art,2013,Ostra,Crassostrea spp,"1,173809653","Artisanal (SS, C)"
Rio de Janeiro,Moluscos,Ostra_art,2014,Ostra,Crassostrea spp,"0,7827944146","Artisanal (SS, C)"
Rio de Janeiro,Moluscos,Ostra_art,2015,Ostra,Crassostrea spp,"0,3740415103","Artisanal (SS, C)"
Rio de Janeiro,Moluscos,Mexilhao_art,1956,Mexilhao,Perna perna,"7,204703726","Artisanal (SS, C)"
Rio de Janeiro,Moluscos,Mexilhao_art,1957,Mexilhao,Perna perna,"27,37402577","Artisanal (SS, C)"
Rio de Janeiro,Moluscos,Mexilhao_art,1958,Mexilhao,Perna perna,"7,02766217","Artisanal (SS, C)"
Rio de Janeiro,Moluscos,Mexilhao_art,1959,Mexilhao,Perna perna,"2,710119999","Artisanal (SS, C)"
Rio de Janeiro,Moluscos,Mexilhao_art,1960,Mexilhao,Perna perna,"0,904441164","Artisanal (SS, C)"
Rio de Janeiro,Moluscos,Mexilhao_art,1961,Mexilhao,Perna perna,"9,998839819","Artisanal (SS, C)"
Rio de Janeiro,Moluscos,Mexilhao_art,1962,Mexilhao,Perna perna,"2,581894925","Artisanal (SS, C)"
Rio de Janeiro,Moluscos,Mexilhao_art,1963,Mexilhao,Perna perna,"70,31031935","Artisanal (SS, C)"
Rio de Janeiro,Moluscos,Mexilhao_art,1964,Mexilhao,Perna perna,600,"Artisanal (SS, C)"
Rio de Janeiro,Moluscos,Mexilhao_art,1965,Mexilhao,Perna perna,"160,3085952","Artisanal (SS, C)"
Rio de Janeiro,Moluscos,Mexilhao_art,1966,Mexilhao,Perna perna,32,"Artisanal (SS, C)"
Rio de Janeiro,Moluscos,Mexilhao_art,1967,Mexilhao,Perna perna,59,"Artisanal (SS, C)"
Rio de Janeiro,Moluscos,Mexilhao_art,1968,Mexilhao,Perna perna,"134,9554828","Artisanal (SS, C)"
Rio de Janeiro,Moluscos,Mexilhao_art,1969,Mexilhao,Perna perna,"1,738121406","Artisanal (SS, C)"
Rio de Janeiro,Moluscos,Mexilhao_art,1970,Mexilhao,Perna perna,"189,3198134","Artisanal (SS, C)"
Rio de Janeiro,Moluscos,Mexilhao_art,1971,Mexilhao,Perna perna,"12,72588737","Artisanal (SS, C)"
Rio de Janeiro,Moluscos,Mexilhao_art,1972,Mexilhao,Perna perna,"82,07737386","Artisanal (SS, C)"
Rio de Janeiro,Moluscos,Mexilhao_art,1973,Mexilhao,Perna perna,"107,4671054","Artisanal (SS, C)"
Rio de Janeiro,Moluscos,Mexilhao_art,1974,Mexilhao,Perna perna,"49,3138393","Artisanal (SS, C)"
Rio de Janeiro,Moluscos,Mexilhao_art,1975,Mexilhao,Perna perna,"4,3014291","Artisanal (SS, C)"
Rio de Janeiro,Moluscos,Mexilhao_art,1976,Mexilhao,Perna perna,"8,567870723","Artisanal (SS, C)"
Rio de Janeiro,Moluscos,Mexilhao_art,1977,Mexilhao,Perna perna,"18,87204254","Artisanal (SS, C)"
Rio de Janeiro,Moluscos,Mexilhao_art,1978,Mexilhao,Perna perna,"8,605098066","Artisanal (SS, C)"
Rio de Janeiro,Moluscos,Mexilhao_art,1979,Mexilhao,Perna perna,"0,1296559223","Artisanal (SS, C)"
Rio de Janeiro,Moluscos,Mexilhao_art,1980,Mexilhao,Perna perna,"10,36697269","Artisanal (SS, C)"
Rio de Janeiro,Moluscos,Mexilhao_art,1981,Mexilhao,Perna perna,5,"Artisanal (SS, C)"
Rio de Janeiro,Moluscos,Mexilhao_art,1982,Mexilhao,Perna perna,9,"Artisanal (SS, C)"
Rio de Janeiro,Moluscos,Mexilhao_art,1983,Mexilhao,Perna perna,53,"Artisanal (SS, C)"
Rio de Janeiro,Moluscos,Mexilhao_art,1984,Mexilhao,Perna perna,23,"Artisanal (SS, C)"
Rio de Janeiro,Moluscos,Mexilhao_art,1985,Mexilhao,Perna perna,21,"Artisanal (SS, C)"
Rio de Janeiro,Moluscos,Mexilhao_art,1986,Mexilhao,Perna perna,"35,83388471","Artisanal (SS, C)"
Rio de Janeiro,Moluscos,Mexilhao_art,1987,Mexilhao,Perna perna,"44,09686105","Artisanal (SS, C)"
Rio de Janeiro,Moluscos,Mexilhao_art,1988,Mexilhao,Perna perna,"43,08876977","Artisanal (SS, C)"
Rio de Janeiro,Moluscos,Mexilhao_art,1989,Mexilhao,Perna perna,"44,79801334","Artisanal (SS, C)"
Rio de Janeiro,Moluscos,Mexilhao_art,1990,Mexilhao,Perna perna,"35,43808423","Artisanal (SS, C)"
Rio de Janeiro,Moluscos,Mexilhao_art,1991,Mexilhao,Perna perna,"103,2183191","Artisanal (SS, C)"
Rio de Janeiro,Moluscos,Mexilhao_art,1992,Mexilhao,Perna perna,"52,9762152","Artisanal (SS, C)"
Rio de Janeiro,Moluscos,Mexilhao_art,1993,Mexilhao,Perna perna,"125,8904452","Artisanal (SS, C)"
Rio de Janeiro,Moluscos,Mexilhao_art,1994,Mexilhao,Perna perna,"82,7984281","Artisanal (SS, C)"
Rio de Janeiro,Moluscos,Mexilhao_art,1995,Mexilhao,Perna perna,"149,0069988","Artisanal (SS, C)"
Rio de Janeiro,Moluscos,Mexilhao_art,1996,Mexilhao,Perna perna,"169,4845741","Artisanal (SS, C)"
Rio de Janeiro,Moluscos,Mexilhao_art,1997,Mexilhao,Perna perna,"136,7911762","Artisanal (SS, C)"
Rio de Janeiro,Moluscos,Mexilhao_art,1998,Mexilhao,Perna perna,"236,2847355","Artisanal (SS, C)"
Rio de Janeiro,Moluscos,Mexilhao_art,1999,Mexilhao,Perna perna,"250,5","Artisanal (SS, C)"
Rio de Janeiro,Moluscos,Mexilhao_art,2000,Mexilhao,Perna perna,"584,5","Artisanal (SS, C)"
Rio de Janeiro,Moluscos,Mexilhao_art,2001,Mexilhao,Perna perna,287,"Artisanal (SS, C)"
Rio de Janeiro,Moluscos,Mexilhao_art,2002,Mexilhao,Perna perna,"241,5","Artisanal (SS, C)"
Rio de Janeiro,Moluscos,Mexilhao_art,2003,Mexilhao,Perna perna,"237,5","Artisanal (SS, C)"
Rio de Janeiro,Moluscos,Mexilhao_art,2004,Mexilhao,Perna perna,261,"Artisanal (SS, C)"
Rio de Janeiro,Moluscos,Mexilhao_art,2005,Mexilhao,Perna perna,"269,5","Artisanal (SS, C)"
Rio de Janeiro,Moluscos,Mexilhao_art,2006,Mexilhao,Perna perna,318,"Artisanal (SS, C)"
Rio de Janeiro,Moluscos,Mexilhao_art,2007,Mexilhao,Perna perna,"166,5","Artisanal (SS, C)"
Rio de Janeiro,Moluscos,Mexilhao_art,2008,Mexilhao,Perna perna,"251,3333333","Artisanal (SS, C)"
Rio de Janeiro,Moluscos,Mexilhao_art,2009,Mexilhao,Perna perna,"245,2777778","Artisanal (SS, C)"
Rio de Janeiro,Moluscos,Mexilhao_art,2010,Mexilhao,Perna perna,"221,037037","Artisanal (SS, C)"
Rio de Janeiro,Moluscos,Mexilhao_art,2011,Mexilhao,Perna perna,"147,403358","Artisanal (SS, C)"
Rio de Janeiro,Moluscos,Mexilhao_art,2012,Mexilhao,Perna perna,"73,76967901","Artisanal (SS, C)"
Rio de Janeiro,Moluscos,Mexilhao_art,2013,Mexilhao,Perna perna,"0,136","Artisanal (SS, C)"
Rio de Janeiro,Moluscos,Mexilhao_art,2014,Mexilhao,Perna perna,"0,3","Artisanal (SS, C)"
Rio de Janeiro,Moluscos,Mexilhao_art,2015,Mexilhao,Perna perna,"44,00414946","Artisanal (SS, C)"
Rio de Janeiro,Moluscos,Mexilhao_ind,1987,Mexilhao,Perna perna,"1,0029676","Industrial (LS, C)"
Rio de Janeiro,Moluscos,Mexilhao_ind,1988,Mexilhao,Perna perna,"0,02470608432","Industrial (LS, C)"
Rio de Janeiro,Moluscos,Mexilhao_ind,1989,Mexilhao,Perna perna,"0,01857892269","Industrial (LS, C)"
Rio de Janeiro,Moluscos,Mexilhao_ind,1990,Mexilhao,Perna perna,"0,929974842","Industrial (LS, C)"
Rio de Janeiro,Moluscos,Mexilhao_ind,1991,Mexilhao,Perna perna,"0,4331102012","Industrial (LS, C)"
Rio de Janeiro,Moluscos,Mexilhao_ind,1992,Mexilhao,Perna perna,"0,6358186406","Industrial (LS, C)"
Rio de Janeiro,Moluscos,Mexilhao_ind,1993,Mexilhao,Perna perna,"1,012685671","Industrial (LS, C)"
Rio de Janeiro,Moluscos,Mexilhao_ind,1994,Mexilhao,Perna perna,"4,393046769","Industrial (LS, C)"
Rio de Janeiro,Moluscos,Mexilhao_ind,1995,Mexilhao,Perna perna,"0,2091783696","Industrial (LS, C)"
Rio de Janeiro,Moluscos,Mexilhao_ind,1996,Mexilhao,Perna perna,"3,038132288","Industrial (LS, C)"
Rio de Janeiro,Moluscos,Mexilhao_ind,1997,Mexilhao,Perna perna,"0,5500404229","Industrial (LS, C)"
Rio de Janeiro,Moluscos,Mexilhao_ind,1998,Mexilhao,Perna perna,"1,645152967","Industrial (LS, C)"
Rio de Janeiro,Moluscos,Mexilhao_ind,1999,Mexilhao,Perna perna,"0,39639215","Industrial (LS, C)"
Rio de Janeiro,Moluscos,Mexilhao_ind,2000,Mexilhao,Perna perna,"1,5","Industrial (LS, C)"
Rio de Janeiro,Moluscos,Mexilhao_ind,2001,Mexilhao,Perna perna,"0,4568430072","Industrial (LS, C)"
Rio de Janeiro,Moluscos,Mexilhao_ind,2002,Mexilhao,Perna perna,"0,5","Industrial (LS, C)"
Rio de Janeiro,Moluscos,Mexilhao_ind,2003,Mexilhao,Perna perna,"0,5","Industrial (LS, C)"
Rio de Janeiro,Moluscos,Mexilhao_ind,2004,Mexilhao,Perna perna,"0,5","Industrial (LS, C)"
Rio de Janeiro,Moluscos,Mexilhao_ind,2005,Mexilhao,Perna perna,"0,5","Industrial (LS, C)"
Rio de Janeiro,Moluscos,Vieira_ind,1996,Vieira,Euvola ziczac,"0,5","Industrial (LS, C)"
Rio de Janeiro,Moluscos,Lula_ind,2014,Lula,Doryteuthis spp,"94,943","Industrial (LS, C)"
SÃ£o Paulo,Moluscos,Lula_ind,2015,Lula,Doryteuthis spp,"150","Industrial (LS, C)"
